{"cameraMode":{"drawMode":0,"name":"Shaded","section":"Shading Mode"},"sceneLighting":true,"audioPlay":false,"sceneViewState":{"m_AlwaysRefresh":false,"showFog":true,"showSkybox":true,"showFlares":true,"showImageEffects":true,"showParticleSystems":true,"showVisualEffectGraphs":true,"m_FxEnabled":true},"in2DMode":false,"pivot":{"x":936.7705688476563,"y":522.1414794921875,"z":0.6590253114700317},"rotation":{"x":0.00840030238032341,"y":0.0035999775864183904,"z":-0.000021129209926584736,"w":1.000001311302185},"size":569.8571166992188,"orthographic":false}